{
"lengthUnit": "mil",
"remark": [],
"components": {
	"fields": ["COMPONENT_NO", "COMPONENT_NAME", "LAYER", "X_COORDINATE", "Y_COORDINATE", "ANGLE"],
	"rows": [
		[1, "3.5MM", "T", 1565, -240.155, 270],
		[2, "DSUB1", "T", 612.835, -450.161, 180],
		[3, "LEFT", "T", 1118.819, -936.5, 270],
		[4, "RIGHT", "T", 1670, -936.5, 270],
		[5, "S-VIDEO", "T", 456.2, -901, 0],
		[6, "PAD1", "T", 1565, -141.73, 0],
		[7, "PAD1", "B", 1565, -141.73, 0],
		[8, "PAD2", "T", 1368.15, -338.58, 0],
		[9, "PAD2", "B", 1368.15, -338.58, 0],
		[10, "PAD3", "T", 1761.85, -338.58, 0],
		[11, "PAD3", "B", 1761.85, -338.58, 0],
		[12, "PAD4", "T", 410.95, -450.161, 0],
		[13, "PAD4", "B", 410.95, -450.161, 0],
		[14, "PAD5", "T", 501.15, -450.161, 0],
		[15, "PAD5", "B", 501.15, -450.161, 0],
		[16, "PAD6", "T", 591.25, -450.161, 0],
		[17, "PAD6", "B", 591.25, -450.161, 0],
		[18, "PAD7", "T", 771.95, -450.161, 0],
		[19, "PAD7", "B", 771.95, -450.161, 0],
		[20, "PAD8", "T", 456.25, -550.161, 0],
		[21, "PAD8", "B", 456.25, -550.161, 0],
		[22, "PAD9", "T", 546.35, -550.161, 0],
		[23, "PAD9", "B", 546.35, -550.161, 0],
		[24, "PAD10", "T", 816.85, -550.161, 0],
		[25, "PAD10", "B", 816.85, -550.161, 0],
		[26, "PAD11", "T", 121.77, -440.161, 0],
		[27, "PAD11", "B", 121.77, -440.161, 0],
		[28, "PAD12", "T", 1103.9, -440.161, 0],
		[29, "PAD12", "B", 1103.9, -440.161, 0],
		[30, "PAD13", "T", 456.2, -1025.015, 0],
		[31, "PAD13", "B", 456.2, -1025.015, 0],
		[32, "PAD14", "T", 192.421, -993.525, 0],
		[33, "PAD14", "B", 192.421, -993.525, 0],
		[34, "PAD15", "T", 719.979, -993.525, 0],
		[35, "PAD15", "B", 719.979, -993.525, 0],
		[36, "PAD16", "T", 328.248, -776.985, 0],
		[37, "PAD16", "B", 328.248, -776.985, 0],
		[38, "PAD17", "T", 584.153, -776.985, 0],
		[39, "PAD17", "B", 584.153, -776.985, 0],
		[40, "PAD18", "T", 328.248, -875.415, 0],
		[41, "PAD18", "B", 328.248, -875.415, 0],
		[42, "PAD19", "T", 584.153, -875.415, 0],
		[43, "PAD19", "B", 584.153, -875.415, 0],
		[44, "PAD20", "T", 1118.819, -1025.082, 0],
		[45, "PAD20", "B", 1118.819, -1025.082, 0],
		[46, "PAD21", "T", 1118.819, -847.922, 0],
		[47, "PAD21", "B", 1118.819, -847.922, 0],
		[48, "PAD22", "T", 1670, -1025.082, 0],
		[49, "PAD22", "B", 1670, -1025.082, 0],
		[50, "PAD23", "T", 1670, -847.922, 0],
		[51, "PAD23", "B", 1670, -847.922, 0]
	]
},
"pins": {
	"fields": ["PIN_NO", "PIN_NAME", "PIN_X", "PIN_Y", "LAYER", "PIN_TYPE", "NET_NAME", "NET_TYPE", "PAD_SHAPE", "PAD_SIZEX", "PAD_SIZEY", "HOLE_SIZE", "HOLE_LEN", "PAD_ANGLE"],
	"rows": [
		[1, "3.5MM_1", 1565, -141.73, "T", "DIP", "GND", "GND", "C", 78.74, 78.74, 51.182, 51.182, 270],
		[2, "3.5MM_1", 1565, -141.73, "B", "DIP", "GND", "GND", "C", 78.74, 78.74, 51.182, 51.182, 270],
		[3, "3.5MM_2", 1368.15, -338.58, "T", "DIP", "LEFT", "", "C", 78.74, 78.74, 51.182, 51.182, 270],
		[4, "3.5MM_2", 1368.15, -338.58, "B", "DIP", "LEFT", "", "C", 78.74, 78.74, 51.182, 51.182, 270],
		[5, "3.5MM_3", 1761.85, -338.58, "T", "DIP", "RIGHT", "", "C", 78.74, 78.74, 51.182, 51.182, 270],
		[6, "3.5MM_3", 1761.85, -338.58, "B", "DIP", "RIGHT", "", "C", 78.74, 78.74, 51.182, 51.182, 270],
		[7, "3.5MM_4", 1466.57, -338.58, "T", "DIP", "NET_1", "", "C", 78.74, 78.74, 51.182, 51.182, 270],
		[8, "3.5MM_4", 1466.57, -338.58, "B", "DIP", "NET_1", "", "C", 78.74, 78.74, 51.182, 51.182, 270],
		[9, "3.5MM_5", 1663.42, -338.58, "T", "DIP", "NET_2", "", "C", 78.74, 78.74, 51.182, 51.182, 270],
		[10, "3.5MM_5", 1663.42, -338.58, "B", "DIP", "NET_2", "", "C", 78.74, 78.74, 51.182, 51.182, 270],
		[11, "DSUB1_1", 456.25, -550.161, "T", "DIP", "C", "", "C", 62.992, 62.992, 39.37, 39.37, 180],
		[12, "DSUB1_1", 456.25, -550.161, "B", "DIP", "C", "", "C", 62.992, 62.992, 39.37, 39.37, 180],
		[13, "DSUB1_2", 546.35, -550.161, "T", "DIP", "Y", "", "C", 62.992, 62.992, 39.37, 39.37, 180],
		[14, "DSUB1_2", 546.35, -550.161, "B", "DIP", "Y", "", "C", 62.992, 62.992, 39.37, 39.37, 180],
		[15, "DSUB1_3", 636.55, -550.161, "T", "DIP", "NET_3", "", "C", 62.992, 62.992, 39.37, 39.37, 180],
		[16, "DSUB1_3", 636.55, -550.161, "B", "DIP", "NET_3", "", "C", 62.992, 62.992, 39.37, 39.37, 180],
		[17, "DSUB1_4", 726.75, -550.161, "T", "DIP", "NET_4", "", "C", 62.992, 62.992, 39.37, 39.37, 180],
		[18, "DSUB1_4", 726.75, -550.161, "B", "DIP", "NET_4", "", "C", 62.992, 62.992, 39.37, 39.37, 180],
		[19, "DSUB1_5", 816.85, -550.161, "T", "DIP", "GND", "GND", "C", 62.992, 62.992, 39.37, 39.37, 180],
		[20, "DSUB1_5", 816.85, -550.161, "B", "DIP", "GND", "GND", "C", 62.992, 62.992, 39.37, 39.37, 180],
		[21, "DSUB1_6", 410.95, -450.161, "T", "DIP", "GND", "GND", "C", 62.992, 62.992, 39.37, 39.37, 180],
		[22, "DSUB1_6", 410.95, -450.161, "B", "DIP", "GND", "GND", "C", 62.992, 62.992, 39.37, 39.37, 180],
		[23, "DSUB1_7", 501.15, -450.161, "T", "DIP", "GND", "GND", "C", 62.992, 62.992, 39.37, 39.37, 180],
		[24, "DSUB1_7", 501.15, -450.161, "B", "DIP", "GND", "GND", "C", 62.992, 62.992, 39.37, 39.37, 180],
		[25, "DSUB1_8", 591.25, -450.161, "T", "DIP", "GND", "GND", "C", 62.992, 62.992, 39.37, 39.37, 180],
		[26, "DSUB1_8", 591.25, -450.161, "B", "DIP", "GND", "GND", "C", 62.992, 62.992, 39.37, 39.37, 180],
		[27, "DSUB1_9", 681.45, -450.161, "T", "DIP", "NET_5", "", "C", 62.992, 62.992, 39.37, 39.37, 180],
		[28, "DSUB1_9", 681.45, -450.161, "B", "DIP", "NET_5", "", "C", 62.992, 62.992, 39.37, 39.37, 180],
		[29, "DSUB1_10", 771.95, -450.161, "T", "DIP", "GND", "GND", "C", 62.992, 62.992, 39.37, 39.37, 180],
		[30, "DSUB1_10", 771.95, -450.161, "B", "DIP", "GND", "GND", "C", 62.992, 62.992, 39.37, 39.37, 180],
		[31, "DSUB1_11", 456.25, -350.161, "T", "DIP", "NET_6", "", "C", 62.992, 62.992, 39.37, 39.37, 180],
		[32, "DSUB1_11", 456.25, -350.161, "B", "DIP", "NET_6", "", "C", 62.992, 62.992, 39.37, 39.37, 180],
		[33, "DSUB1_12", 546.35, -350.161, "T", "DIP", "NET_7", "", "C", 62.992, 62.992, 39.37, 39.37, 180],
		[34, "DSUB1_12", 546.35, -350.161, "B", "DIP", "NET_7", "", "C", 62.992, 62.992, 39.37, 39.37, 180],
		[35, "DSUB1_13", 636.55, -350.161, "T", "DIP", "NET_8", "", "C", 62.992, 62.992, 39.37, 39.37, 180],
		[36, "DSUB1_13", 636.55, -350.161, "B", "DIP", "NET_8", "", "C", 62.992, 62.992, 39.37, 39.37, 180],
		[37, "DSUB1_14", 726.75, -350.161, "T", "DIP", "NET_9", "", "C", 62.992, 62.992, 39.37, 39.37, 180],
		[38, "DSUB1_14", 726.75, -350.161, "B", "DIP", "NET_9", "", "C", 62.992, 62.992, 39.37, 39.37, 180],
		[39, "DSUB1_15", 816.85, -350.161, "T", "DIP", "NET_10", "", "C", 62.992, 62.992, 39.37, 39.37, 180],
		[40, "DSUB1_15", 816.85, -350.161, "B", "DIP", "NET_10", "", "C", 62.992, 62.992, 39.37, 39.37, 180],
		[41, "DSUB1_16", 121.77, -440.161, "T", "DIP", "GND", "GND", "C", 157.48, 157.48, 118.11, 118.11, 180],
		[42, "DSUB1_16", 121.77, -440.161, "B", "DIP", "GND", "GND", "C", 157.48, 157.48, 118.11, 118.11, 180],
		[43, "DSUB1_17", 1103.9, -440.161, "T", "DIP", "GND", "GND", "C", 157.48, 157.48, 118.11, 118.11, 180],
		[44, "DSUB1_17", 1103.9, -440.161, "B", "DIP", "GND", "GND", "C", 157.48, 157.48, 118.11, 118.11, 180],
		[45, "LEFT_1", 1118.819, -1025.082, "T", "DIP", "GND", "GND", "O", 78.74, 129.921, 51.182, 98.425, 270],
		[46, "LEFT_1", 1118.819, -1025.082, "B", "DIP", "GND", "GND", "O", 78.74, 129.921, 51.182, 98.425, 270],
		[47, "LEFT_2", 1118.819, -847.922, "T", "DIP", "LEFT", "", "O", 129.921, 70.866, 39.37, 98.425, 270],
		[48, "LEFT_2", 1118.819, -847.922, "B", "DIP", "LEFT", "", "O", 129.921, 70.866, 39.37, 98.425, 270],
		[49, "RIGHT_1", 1670, -1025.082, "T", "DIP", "GND", "GND", "O", 78.74, 129.921, 51.182, 98.425, 270],
		[50, "RIGHT_1", 1670, -1025.082, "B", "DIP", "GND", "GND", "O", 78.74, 129.921, 51.182, 98.425, 270],
		[51, "RIGHT_2", 1670, -847.922, "T", "DIP", "RIGHT", "", "O", 129.921, 70.866, 39.37, 98.425, 270],
		[52, "RIGHT_2", 1670, -847.922, "B", "DIP", "RIGHT", "", "O", 129.921, 70.866, 39.37, 98.425, 270],
		[53, "S-VIDEO_1", 584.153, -875.415, "T", "DIP", "GND", "GND", "C", 66.929, 66.929, 39.37, 39.37, 0],
		[54, "S-VIDEO_1", 584.153, -875.415, "B", "DIP", "GND", "GND", "C", 66.929, 66.929, 39.37, 39.37, 0],
		[55, "S-VIDEO_2", 328.248, -875.415, "T", "DIP", "GND", "GND", "C", 66.929, 66.929, 39.37, 39.37, 0],
		[56, "S-VIDEO_2", 328.248, -875.415, "B", "DIP", "GND", "GND", "C", 66.929, 66.929, 39.37, 39.37, 0],
		[57, "S-VIDEO_3", 584.153, -776.985, "T", "DIP", "Y", "", "C", 66.929, 66.929, 39.37, 39.37, 0],
		[58, "S-VIDEO_3", 584.153, -776.985, "B", "DIP", "Y", "", "C", 66.929, 66.929, 39.37, 39.37, 0],
		[59, "S-VIDEO_4", 328.248, -776.985, "T", "DIP", "C", "", "C", 66.929, 66.929, 39.37, 39.37, 0],
		[60, "S-VIDEO_4", 328.248, -776.985, "B", "DIP", "C", "", "C", 66.929, 66.929, 39.37, 39.37, 0],
		[61, "S-VIDEO_5", 719.979, -993.525, "T", "DIP", "GND", "GND", "C", 118.11, 118.11, 98.426, 98.426, 0],
		[62, "S-VIDEO_5", 719.979, -993.525, "B", "DIP", "GND", "GND", "C", 118.11, 118.11, 98.426, 98.426, 0],
		[63, "S-VIDEO_6", 192.421, -993.525, "T", "DIP", "GND", "GND", "C", 118.11, 118.11, 98.426, 98.426, 0],
		[64, "S-VIDEO_6", 192.421, -993.525, "B", "DIP", "GND", "GND", "C", 118.11, 118.11, 98.426, 98.426, 0],
		[65, "S-VIDEO_7", 456.2, -1025.015, "T", "DIP", "GND", "GND", "O", 122.047, 62.992, 47.244, 106.299, 0],
		[66, "S-VIDEO_7", 456.2, -1025.015, "B", "DIP", "GND", "GND", "O", 122.047, 62.992, 47.244, 106.299, 0],
		[67, "PAD1_1", 1565, -141.73, "T", "DIP", "GND", "GND", "C", 78.74, 78.74, 51.182, 51.182, 270],
		[68, "PAD1_1", 1565, -141.73, "B", "DIP", "GND", "GND", "C", 78.74, 78.74, 51.182, 51.182, 270],
		[69, "PAD2_2", 1368.15, -338.58, "T", "DIP", "LEFT", "", "C", 78.74, 78.74, 51.182, 51.182, 270],
		[70, "PAD2_2", 1368.15, -338.58, "B", "DIP", "LEFT", "", "C", 78.74, 78.74, 51.182, 51.182, 270],
		[71, "PAD3_3", 1761.85, -338.58, "T", "DIP", "RIGHT", "", "C", 78.74, 78.74, 51.182, 51.182, 270],
		[72, "PAD3_3", 1761.85, -338.58, "B", "DIP", "RIGHT", "", "C", 78.74, 78.74, 51.182, 51.182, 270],
		[73, "PAD4_6", 410.95, -450.161, "T", "DIP", "GND", "GND", "C", 62.992, 62.992, 39.37, 39.37, 180],
		[74, "PAD4_6", 410.95, -450.161, "B", "DIP", "GND", "GND", "C", 62.992, 62.992, 39.37, 39.37, 180],
		[75, "PAD5_7", 501.15, -450.161, "T", "DIP", "GND", "GND", "C", 62.992, 62.992, 39.37, 39.37, 180],
		[76, "PAD5_7", 501.15, -450.161, "B", "DIP", "GND", "GND", "C", 62.992, 62.992, 39.37, 39.37, 180],
		[77, "PAD6_8", 591.25, -450.161, "T", "DIP", "GND", "GND", "C", 62.992, 62.992, 39.37, 39.37, 180],
		[78, "PAD6_8", 591.25, -450.161, "B", "DIP", "GND", "GND", "C", 62.992, 62.992, 39.37, 39.37, 180],
		[79, "PAD7_10", 771.95, -450.161, "T", "DIP", "GND", "GND", "C", 62.992, 62.992, 39.37, 39.37, 180],
		[80, "PAD7_10", 771.95, -450.161, "B", "DIP", "GND", "GND", "C", 62.992, 62.992, 39.37, 39.37, 180],
		[81, "PAD8_1", 456.25, -550.161, "T", "DIP", "C", "", "C", 62.992, 62.992, 39.37, 39.37, 180],
		[82, "PAD8_1", 456.25, -550.161, "B", "DIP", "C", "", "C", 62.992, 62.992, 39.37, 39.37, 180],
		[83, "PAD9_2", 546.35, -550.161, "T", "DIP", "Y", "", "C", 62.992, 62.992, 39.37, 39.37, 180],
		[84, "PAD9_2", 546.35, -550.161, "B", "DIP", "Y", "", "C", 62.992, 62.992, 39.37, 39.37, 180],
		[85, "PAD10_5", 816.85, -550.161, "T", "DIP", "GND", "GND", "C", 62.992, 62.992, 39.37, 39.37, 180],
		[86, "PAD10_5", 816.85, -550.161, "B", "DIP", "GND", "GND", "C", 62.992, 62.992, 39.37, 39.37, 180],
		[87, "PAD11_16", 121.77, -440.161, "T", "DIP", "GND", "GND", "C", 157.48, 157.48, 118.11, 118.11, 180],
		[88, "PAD11_16", 121.77, -440.161, "B", "DIP", "GND", "GND", "C", 157.48, 157.48, 118.11, 118.11, 180],
		[89, "PAD12_17", 1103.9, -440.161, "T", "DIP", "GND", "GND", "C", 157.48, 157.48, 118.11, 118.11, 180],
		[90, "PAD12_17", 1103.9, -440.161, "B", "DIP", "GND", "GND", "C", 157.48, 157.48, 118.11, 118.11, 180],
		[91, "PAD13_7", 456.2, -1025.015, "T", "DIP", "GND", "GND", "O", 122.047, 62.992, 47.244, 106.299, 0],
		[92, "PAD13_7", 456.2, -1025.015, "B", "DIP", "GND", "GND", "O", 122.047, 62.992, 47.244, 106.299, 0],
		[93, "PAD14_6", 192.421, -993.525, "T", "DIP", "GND", "GND", "C", 118.11, 118.11, 98.426, 98.426, 0],
		[94, "PAD14_6", 192.421, -993.525, "B", "DIP", "GND", "GND", "C", 118.11, 118.11, 98.426, 98.426, 0],
		[95, "PAD15_5", 719.979, -993.525, "T", "DIP", "GND", "GND", "C", 118.11, 118.11, 98.426, 98.426, 0],
		[96, "PAD15_5", 719.979, -993.525, "B", "DIP", "GND", "GND", "C", 118.11, 118.11, 98.426, 98.426, 0],
		[97, "PAD16_4", 328.248, -776.985, "T", "DIP", "C", "", "C", 66.929, 66.929, 39.37, 39.37, 0],
		[98, "PAD16_4", 328.248, -776.985, "B", "DIP", "C", "", "C", 66.929, 66.929, 39.37, 39.37, 0],
		[99, "PAD17_3", 584.153, -776.985, "T", "DIP", "Y", "", "C", 66.929, 66.929, 39.37, 39.37, 0],
		[100, "PAD17_3", 584.153, -776.985, "B", "DIP", "Y", "", "C", 66.929, 66.929, 39.37, 39.37, 0],
		[101, "PAD18_2", 328.248, -875.415, "T", "DIP", "GND", "GND", "C", 66.929, 66.929, 39.37, 39.37, 0],
		[102, "PAD18_2", 328.248, -875.415, "B", "DIP", "GND", "GND", "C", 66.929, 66.929, 39.37, 39.37, 0],
		[103, "PAD19_1", 584.153, -875.415, "T", "DIP", "GND", "GND", "C", 66.929, 66.929, 39.37, 39.37, 0],
		[104, "PAD19_1", 584.153, -875.415, "B", "DIP", "GND", "GND", "C", 66.929, 66.929, 39.37, 39.37, 0],
		[105, "PAD20_1", 1118.819, -1025.082, "T", "DIP", "GND", "GND", "O", 78.74, 129.921, 51.182, 98.425, 270],
		[106, "PAD20_1", 1118.819, -1025.082, "B", "DIP", "GND", "GND", "O", 78.74, 129.921, 51.182, 98.425, 270],
		[107, "PAD21_2", 1118.819, -847.922, "T", "DIP", "LEFT", "", "O", 129.921, 70.866, 39.37, 98.425, 270],
		[108, "PAD21_2", 1118.819, -847.922, "B", "DIP", "LEFT", "", "O", 129.921, 70.866, 39.37, 98.425, 270],
		[109, "PAD22_1", 1670, -1025.082, "T", "DIP", "GND", "GND", "O", 78.74, 129.921, 51.182, 98.425, 270],
		[110, "PAD22_1", 1670, -1025.082, "B", "DIP", "GND", "GND", "O", 78.74, 129.921, 51.182, 98.425, 270],
		[111, "PAD23_2", 1670, -847.922, "T", "DIP", "RIGHT", "", "O", 129.921, 70.866, 39.37, 98.425, 270],
		[112, "PAD23_2", 1670, -847.922, "B", "DIP", "RIGHT", "", "O", 129.921, 70.866, 39.37, 98.425, 270]
	]
}
}